name,uuid,creditScore,row
Tam Theroux,p1,573,1
Ceola Conry,p2,583,2
Maurice Mensch,p3,498,3
Jenine Jaqua,p4,597,4
Marielle Mccreight,p5,177,5
Argelia Astle,p6,109,6
Doloris Driskill,p7,279,7
Rochell Ravencraft,p8,218,8
Mohamed Magee,p9,299,9
Laure Lotts,p10,354,10
Karey Kothari,p11,240,11
Pearline Plunkett,p12,656,12
Veola Villalobos,p13,675,13
Domingo Diep,p14,653,14
Pete Pierro,p15,655,15
Lurlene Lambson,p16,654,16
Mitzi Mertens,p17,573,17
Sanora Shamblin,p18,752,18
Cody Cendejas,p19,516,19
Tynisha Teeple,p20,727,20
Allie Agtarap,p21,360,21
Keenan Koger,p22,262,22
Calista Chace,p23,144,23
Klara Kosakowski,p24,400,24
Josette Joerling,p25,547,25
Dawna Duer,p26,287,26
Hue Hamon,p27,303,27
Shanita Strunk,p28,426,28
Sunny Stephens,p29,126,29
Yung Yingst,p30,449,30
Georgeanna Gerrity,p31,319,31
Keila Kilian,p32,218,32
Olga Oakes,p33,277,33
Christinia Chacko,p34,367,34
Elia Eves,p35,237,35
Donte Dalman,p36,276,36
Marion Marcotte,p37,606,37
Burton Brunt,p38,284,38
Sharika Schaaf,p39,647,39
Reyes Roth,p40,409,40
Tatyana Tran,p41,248,41
Weston Wengerd,p42,578,42
Aurea Apicella,p43,769,43
Moriah Mcmenamin,p44,304,44
Herlinda Hinman,p45,784,45
Kristin Kaylor,p46,225,46
Hassan Harshbarger,p47,661,47
Shenna Stogsdill,p48,398,48
Tashia Tourville,p49,774,49
Zachary Zuniga,p50,591,50
Thurman Turnipseed,p51,254,51
Angel Amor,p52,193,52
Ronnie Rosenbloom,p53,544,53
Sol Sass,p54,415,54
Clifford Christine,p55,598,55
Benito Bermeo,p56,654,56
Cesar Campanella,p57,434,57
Renato Ruffing,p58,669,58
Dominic Deemer,p59,137,59
Sydney Schaller,p60,521,60
Donnell Dakin,p61,139,61
Ezekiel Eyman,p62,360,62
Toney Tassone,p63,652,63
Elias Eagle,p64,236,64
Nolan Neece,p65,449,65
Hugo Hamblen,p66,547,66
Fred Foard,p67,569,67
Wilton Wiser,p68,418,68
Levi Lambright,p69,429,69
Carol Carrick,p70,567,70
Lowell Luke,p71,412,71
Giuseppe Guarino,p72,547,72
Bruce Burkett,p73,721,73
Hyman Herrada,p74,502,74
Fidel Fiorita,p75,357,75
Edmond Esquivel,p76,759,76
Chad Carl,p77,606,77
Bryant Barrios,p78,121,78
Clemente Caulfield,p79,767,79
Mikel Manke,p80,638,80
Ralph Rossi,p81,553,81
Rodney Ruel,p82,591,82
Darryl Delacerda,p83,446,83
Marcellus Mckeown,p84,336,84
Bert Butner,p85,682,85
Christopher Current,p86,359,86
Delmer Dekker,p87,272,87
Irwin Israel,p88,385,88
Nathaniel Nease,p89,278,89
Modesto Metzgar,p90,217,90
Ahmad Armer,p91,759,91
Sterling Sclafani,p92,718,92
Deshawn Duffie,p93,644,93
Ricardo Rake,p94,122,94
Israel Ingham,p95,101,95
Guillermo Gritton,p96,149,96
Luciano Lammers,p97,488,97
Lynn Locascio,p98,687,98
Seymour Spitzer,p99,473,99
Bradly Bjork,p100,701,100
